mse_selective,mse_random,size
7.051510334014893,4.964169979095459,10.0
1.4060187339782715,5.276371479034424,20.0
4.10048246383667,1.2215898036956787,30.0
0.9493449926376343,1.1493711471557617,40.0
